Image_name,Food on plate,Food on plate 2,Food on plate 3
IMG_2695,Vegstable Stiry Fry,Sticky Rice,
IMG_2696,Cheese Pizza (don't penalize if wrong type of pizza),,
IMG_2697,Baked Boneless Ham,Roasted Caulliflower,Baked Sweet Potatoes
IMG_2698,Vegstable Stiry Fry,Sticky Rice,
IMG_2699,Sticky Rice,Vegstable Stir Fry,
IMG_2700,Panzanella Salad,,
IMG_2701,Michigan Farmers 4 Bean Stew,,
IMG_2702,Pepperonni Pizza,,
IMG_2703,Vegstable Stiry Fry,,
IMG_2704,Pepperonni Pizza (don't penalize if wrong type of pizza),,
IMG_2705,"Pasta (not on menu, so if wrong don't penalize) ",,
IMG_2706,Chochalate Cream Pie ,Unkown (don't penalize if wrong),
IMG_2707,Roasted Caulliflower & Baked Potato ,,