station,food,O_nutrient_days_per_kg,kcal_per_kg,nutrient_credit_days,calorie_credit_days,quality_multiplier,separate_nutrition_value_usd_per_kg,nutrition_source,label_serving_g,label_kcal,label_fat_g,label_sat_fat_g,label_sodium_mg,label_carbs_g,label_fiber_g,label_sugars_g,label_protein_g,label_vitA_pct,label_vitC_pct,label_calcium_pct,label_iron_pct,notes
Soup,Broccoli Cheddar Soup,0.45,1207,0.387,0.06,0.72,4.2,"dining hall label (6 of 9 nutrients, sat fat, sugar, sodium, kcal) + recipe estimate (vit E, K, Mg)",227,274,20,12,495,12,1,4,12,9,19,32,3,
Signature Maize,Baked Boneless Ham,0.38,1306,0.318,0.065,0.6,3.6,"dining hall label (6 of 9 nutrients, sat fat, sugar, sodium, kcal) + recipe estimate (vit E, K, Mg)",85,111,5,2,986,2,0,2,14,0,0,0,4,
Signature Maize,Oven Roasted Garlic Potatoes,0.56,1012,0.513,0.051,0.92,5.29,"dining hall label (6 of 9 nutrients, sat fat, sugar, sodium, kcal) + recipe estimate (vit E, K, Mg)",85,86,2,0,128,15,1,1,2,0,16,1,3,
Signature Maize,Baked Sweet Potatoes,1.8,900,1.75,0.045,0.95,16.86,recipe estimate from USDA ingredient values (no label),,,,,,,,,,,,,,no label; nutrition estimated from USDA ingredient values
Signature Maize,Roasted Cauliflower,1.09,281,1.074,0.014,0.95,10.21,"dining hall label (6 of 9 nutrients, sat fat, sugar, sodium, kcal) + recipe estimate (vit E, K, Mg)",57,16,0,0,19,3,1,1,1,0,44,1,1,
24 Carrots,Michigan Farmers 4 Bean Stew,0.58,661,0.549,0.033,0.86,5.47,"dining hall label (6 of 9 nutrients, sat fat, sugar, sodium, kcal) + recipe estimate (vit E, K, Mg)",180,119,4,0,491,17,5,4,5,18,15,7,10,
24 Carrots,Farro,0.61,1632,0.53,0.082,0.79,5.74,"dining hall label (6 of 9 nutrients, sat fat, sugar, sodium, kcal) + recipe estimate (vit E, K, Mg)",57,93,0,0,311,19,2,1,3,0,0,1,9,
24 Carrots,Shaved Brussel Sprouts,1.31,1306,1.244,0.065,0.84,12.29,"dining hall label (6 of 9 nutrients, sat fat, sugar, sodium, kcal) + recipe estimate (vit E, K, Mg)",85,111,7,1,30,9,3,5,3,3,67,2,4,
24 Carrots,Vegetable Cannelloni,0.62,1625,0.537,0.081,0.75,5.8,"dining hall label (6 of 9 nutrients, sat fat, sugar, sodium, kcal) + recipe estimate (vit E, K, Mg)",160,260,8,4,483,36,4,6,13,4,7,22,9,
24 Carrots,Panzanella Salad,0.58,1468,0.502,0.073,0.89,5.4,"dining hall label (6 of 9 nutrients, sat fat, sugar, sodium, kcal) + recipe estimate (vit E, K, Mg)",233,342,30,2,177,17,1,5,5,29,22,6,1,
Halal,Ancho Flank Steak,1.05,2025,0.949,0.101,0.76,9.86,"dining hall label (6 of 9 nutrients, sat fat, sugar, sodium, kcal) + recipe estimate (vit E, K, Mg)",94,141,7,3,154,1,1,0,19,8,0,4,12,"label matches raw flank steak, so label nutrients x1.35 for cooked"
Halal,Sticky Rice,0.24,941,0.196,0.047,1.0,2.28,"dining hall label (6 of 9 nutrients, sat fat, sugar, sodium, kcal) + recipe estimate (vit E, K, Mg)",85,80,0,0,0,18,1,0,2,0,0,0,6,label leaves vitamin A and C blank; treated as 0
Halal,Vegetable Stir Fry Blend,1.58,264,1.571,0.013,0.94,14.87,"dining hall label (6 of 9 nutrients, sat fat, sugar, sodium, kcal) + recipe estimate (vit E, K, Mg)",227,60,1,0,200,11,4,3,4,72,193,14,9,
Pizziti,Cheese Bread,0.92,4157,0.709,0.208,0.57,8.61,"dining hall label (6 of 9 nutrients, sat fat, sugar, sodium, kcal) + recipe estimate (vit E, K, Mg)",51,212,8,4,389,22,1,1,9,0,0,18,13,
Pizziti,Pepperoni Pizza,0.69,2708,0.556,0.135,0.68,6.5,"dining hall label (6 of 9 nutrients, sat fat, sugar, sodium, kcal) + recipe estimate (vit E, K, Mg)",113,306,10,4,647,33,2,2,13,0,0,18,16,
Pizziti,Cheese Pizza,0.72,2648,0.591,0.132,0.71,6.79,"dining hall label (6 of 9 nutrients, sat fat, sugar, sodium, kcal) + recipe estimate (vit E, K, Mg)",105,278,8,3,540,33,2,2,12,0,0,18,15,
Pizziti,Chicken Broccoli Alfredo Pizza,0.7,2356,0.58,0.118,0.72,6.55,"dining hall label (6 of 9 nutrients, sat fat, sugar, sodium, kcal) + recipe estimate (vit E, K, Mg)",132,311,10,5,490,32,2,2,15,4,12,14,13,
MBakery,Chocolate Coconut Cream Pie,0.39,3183,0.228,0.159,0.43,3.63,"dining hall label (6 of 9 nutrients, sat fat, sugar, sodium, kcal) + recipe estimate (vit E, K, Mg)",142,452,28,19,358,53,3,39,3,0,0,3,18,
MBakery,Pumpkin Pie,0.97,2148,0.864,0.107,0.57,9.12,"dining hall label (6 of 9 nutrients, sat fat, sugar, sodium, kcal) + recipe estimate (vit E, K, Mg)",135,290,10,5,376,43,1,30,6,127,4,15,6,
MBakery,Snickers Brownies with Peanuts,0.55,3934,0.351,0.197,0.45,5.14,"dining hall label (6 of 9 nutrients, sat fat, sugar, sodium, kcal) + recipe estimate (vit E, K, Mg)",91,358,16,7,235,47,2,32,7,8,0,5,8,
MBakery,Peppermint White Chocolate Blondie,0.41,3790,0.216,0.19,0.44,3.8,"dining hall label (6 of 9 nutrients, sat fat, sugar, sodium, kcal) + recipe estimate (vit E, K, Mg)",81,307,11,7,102,47,1,31,5,6,0,4,6,
MBakery,Golden Cake with Chocolate Frosting,0.4,3292,0.236,0.165,0.47,3.76,"dining hall label (6 of 9 nutrients, sat fat, sugar, sodium, kcal) + recipe estimate (vit E, K, Mg)",130,428,16,7,566,67,1,43,5,0,0,8,9,
MBakery,Strawberry Shortcake Bar,0.55,3976,0.347,0.199,0.47,5.12,"dining hall label (6 of 9 nutrients, sat fat, sugar, sodium, kcal) + recipe estimate (vit E, K, Mg)",41,163,5,2,154,29,0,15,1,0,0,0,17,
