photo,menu_source,run,dish,pixels,grams,unknown_pct
IMG_2695,gemini,1,Sticky Rice,60133,47.08,72.07
IMG_2695,gemini,1,Vegetable Stir Fry Blend,30839,12.07,72.07
IMG_2696,gemini,1,Pepperoni Pizza,217489,131.95,0.00
IMG_2696,gemini,1,Cheese Bread,111703,47.44,0.00
IMG_2697,gemini,1,Baked Sweet Potatoes,113337,124.56,0.00
IMG_2697,gemini,1,Roasted Cauliflower,110312,60.62,0.00
IMG_2697,gemini,1,Baked Boneless Ham,28706,14.20,0.00
IMG_2698,gemini,1,Vegetable Stir Fry Blend,302745,96.30,0.00
IMG_2698,gemini,1,Sticky Rice,17388,11.06,0.00
IMG_2699,gemini,1,Vegetable Stir Fry Blend,113091,45.01,8.32
IMG_2699,gemini,1,Sticky Rice,62633,49.86,8.32
IMG_2700,gemini,1,Panzanella Salad,167760,101.85,0.00
IMG_2701,gemini,1,Michigan Farmers 4 Bean Stew,23894,26.18,0.00
IMG_2702,gemini,1,Pepperoni Pizza,113775,89.49,0.00
IMG_2703,gemini,1,Vegetable Stir Fry Blend,35863,37.76,0.00
IMG_2704,gemini,1,Cheese Pizza,121538,75.40,0.00
IMG_2705,gemini,1,,0,,100.00
IMG_2706,gemini,1,Chocolate Coconut Cream Pie,126551,236.42,11.59
IMG_2707,gemini,1,Roasted Cauliflower,47955,68.20,2.95
IMG_2707,gemini,1,Baked Sweet Potatoes,33340,94.83,2.95
IMG_2695,gemini,2,Sticky Rice,146686,114.85,52.77
IMG_2695,gemini,2,Vegetable Stir Fry Blend,11557,4.52,52.77
IMG_2696,gemini,2,Cheese Pizza,328918,199.55,0.00
IMG_2697,gemini,2,Baked Sweet Potatoes,114105,125.40,0.00
IMG_2697,gemini,2,Roasted Cauliflower,110312,60.62,0.00
IMG_2697,gemini,2,Baked Boneless Ham,28921,14.30,0.00
IMG_2698,gemini,2,Vegetable Stir Fry Blend,255801,81.37,0.00
IMG_2698,gemini,2,Sticky Rice,17461,11.11,0.00
IMG_2699,gemini,2,Vegetable Stir Fry Blend,144157,57.38,7.21
IMG_2699,gemini,2,Sticky Rice,38660,30.78,7.21
IMG_2699,gemini,2,Ancho Flank Steak,2306,1.38,7.21
IMG_2700,gemini,2,Panzanella Salad,171483,104.11,0.00
IMG_2701,gemini,2,Michigan Farmers 4 Bean Stew,23833,26.11,0.00
IMG_2702,gemini,2,Cheese Bread,62399,34.36,0.00
IMG_2702,gemini,2,Pepperoni Pizza,51364,40.40,0.00
IMG_2703,gemini,2,Vegetable Stir Fry Blend,37219,39.19,0.00
IMG_2704,gemini,2,Cheese Pizza,121566,75.41,0.00
IMG_2705,gemini,2,,0,,100.00
IMG_2706,gemini,2,Chocolate Coconut Cream Pie,126595,234.05,11.67
IMG_2707,gemini,2,Roasted Cauliflower,47917,68.15,2.96
IMG_2707,gemini,2,Baked Sweet Potatoes,33354,94.87,2.96
